"Name","Type","Line","Signature"
"aggiungiTutorialBtn","function","5164","function aggiungiTutorialBtn(game) {"
"startTournament","function","5169","function startTournament(type) {"
"launchMiniGame","function","5178","function launchMiniGame(game, callback) {"
"openTournament","function","5231","function openTournament(type) {"
"startUCS","function","5237","function startUCS() { if(_realFn) return _realFn('UCS'); _realFn = startUCS; joinTournamentQueue('UCS',90,8); _realFn = null; }"
"launchUnifiedTournament","function","5238","function launchUnifiedTournament() { if(_realFn) return _realFn('EVENT'); _realFn = launchUnifiedTournament; joinTournamentQueue('EVENT',45,24); _realFn = null; }"
"endRound","function","5245","function endRound() {"
"endPentathlon","function","5256","function endPentathlon() {"
"showScr","function","5267","function showScr(scr) {"
"startGame","function","5286","function startGame(mode) {"
"startTournament","function","5297","function startTournament(type) {"
"openTournament","function","5308","function openTournament(type) {"
"openPentathlonModal","function","5322","function openPentathlonModal() {"
"closePentathlonModal","function","5325","function closePentathlonModal() {"
"confirmPentathlon","function","5328","function confirmPentathlon() {"
"getTableTheme","function","5335","function getTableTheme(gameType) {"
"applyTableTheme","function","5348","function applyTableTheme(gameType) {"
"startUltraWatch","function","5370","function startUltraWatch(finalTable, timerSec) {"
"updateUltraWatchUI","function","5389","function updateUltraWatchUI() {"
"placeUltraBet","function","5401","function placeUltraBet() {"
"resolveUltraBet","function","5409","function resolveUltraBet(finalTable) {"
"updateNemesi","function","5427","function updateNemesi(botName, defeated) {"
"showNemesiWidget","function","5438","function showNemesiWidget() {"
"hideNemesiWidget","function","5445","function hideNemesiWidget() {"
"defeatNemesi","function","5449","function defeatNemesi() {"
"startNewsFeed","function","5467","function startNewsFeed() {"
"addNewsFeedItem","function","5477","function addNewsFeedItem(item) {"
"selectTableTheme","function","5485","function selectTableTheme(mode) {"
"testTableContrast","function","5492","function testTableContrast() {"
"startPentathlon","function","5515","function startPentathlon() {"
"_updatePentathlonHUD","function","5528","function _updatePentathlonHUD() {"
"playNextPentathlonGame","function","5568","function playNextPentathlonGame() {"
"onPentathlonResult","function","5582","function onPentathlonResult(win, credits) {"
"addCrossCredits","function","5596","function addCrossCredits(amount) {"
"joinTournamentQueue","function","5631","function joinTournamentQueue(type, durationSeconds, maxPlayers) {"
"updateQueueUI","function","5654","function updateQueueUI() {"
"cancelTournamentEntry","function","5661","function cancelTournamentEntry() {"
"startAcceptPhase","function","5671","function startAcceptPhase() {"
"acceptTournamentEntry","function","5687","function acceptTournamentEntry() {"
"getTournamentName","function","5698","function getTournamentName(type) {"
"formatTime","function","5707","function formatTime(sec) {"
"preLoadTournamentBots","function","5713","function preLoadTournamentBots(type) {"
"nvdaAnnounce","function","5735","function nvdaAnnounce(msg, priority){"
"apriTutorial","function","7438","function apriTutorial(nomeGioco) {"
"chiudiTutorial","function","7452","function chiudiTutorial() {"
"aggiungiTutorialBtn","function","7457","function aggiungiTutorialBtn(nomeGioco, containerSelector) {"
"setupTutorialBtns","function","7470","function setupTutorialBtns() {"
"_buildRankedPool","function","7496","function _buildRankedPool(playerMMR) {"
"_mmPickBots","function","7535","function _mmPickBots(playerMMR, count) {"
"getAINamesForMMR","function","7578","function getAINamesForMMR(mmr, count) {"
"getAIBotsForMMR","function","7582","function getAIBotsForMMR(mmr, count) {"
"getLBFluctuation","function","7587","function getLBFluctuation(botName, baseMMR){"
"getRankSVG","function","7599","function getRankSVG(rankName, size=20){"
"svg","arrow","7605","const svg=(content,extra='')=>`<svg width=""${s}"" height=""${h}"" viewBox=""0 0 ${s} ${h}"" aria-hidden=""true"" focusable=""false"" ${extra}>${content}</svg>`;"
"circle","arrow","7606","const circle=(r,fill,stroke,sw=1.2)=>`<circle cx=""${cx}"" cy=""${cy}"" r=""${r}"" fill=""${fill}"" stroke=""${stroke}"" stroke-width=""${sw}""/>`;"
"polygon","arrow","7607","const polygon=(pts,fill,stroke,sw=1)=>`<polygon points=""${pts}"" fill=""${fill}"" stroke=""${stroke}"" stroke-width=""${sw}""/>`;"
"text","arrow","7608","const text=(t,y,fs,fill,fw=800)=>`<text x=""${cx}"" y=""${y}"" text-anchor=""middle"" dominant-baseline=""middle"" font-size=""${fs}"" font-weight=""${fw}"" fill=""${fill}"" font-family=""Exo 2,sans-serif"">${t}</text>`;"
"glow","arrow","7609","const glow=(color,r=cx*.7)=>`<circle cx=""${cx}"" cy=""${cy}"" r=""${r}"" fill=""${color}"" opacity=""0.18""/>`;"
"rankBadgeHTML","function","7737","function rankBadgeHTML(rank, svgSize=18){"
"_stShortRankName","function","7792","function _stShortRankName(mmr){"
"_stColorForRank","function","7797","function _stColorForRank(mmr){"
"generateSeasonTitles","function","7825","function generateSeasonTitles(seasonNum){"
"getSeasonTitles","function","7885","function getSeasonTitles(seasonNum){"
"grantSeasonTitles","function","7895","function grantSeasonTitles(peakMMR, seasonNum){"
"_sroTier","function","7945","function _sroTier(titleObj){"
"_sroQueue","function","7962","function _sroQueue(titleObjs, opts){"
"_sroShowNext","function","7969","function _sroShowNext(){"
"_sroStartParticles","function","8032","function _sroStartParticles(color){"
"loop","function","8037","function loop(){"
"_sroStopParticles","function","8048","function _sroStopParticles(){"
"_sroClose","function","8052","function _sroClose(){"
"_sroEquip","function","8058","function _sroEquip(){"
"_sroClaim","function","8070","function _sroClaim(){"
"_sroNext","function","8076","function _sroNext(){"
"_seasonMomentoZero","function","8086","function _seasonMomentoZero(){"
"_showSeasonEndPopup","function","8117","function _showSeasonEndPopup(onConfirm){"
"_cleanSeasonHistory","function","8259","function _cleanSeasonHistory(){"
"_sroCheckPending","function","8274","function _sroCheckPending(){"
"_loadDB","function","8472","function _loadDB(){"
"_saveDB","function","8475","function _saveDB(db){"
"_hashPin","function","8509","function _hashPin(u, pin){ return btoa(u+'::'+pin); }"
"ensureFields","function","8512","function ensureFields(p){"
"_checkStorageUsage","function","8632","function _checkStorageUsage(){"
"saveP","function","8652","function saveP(){"
"updateCloudBadge","function","8658","function updateCloudBadge(){"
"_backupChecksum","function","8677","function _backupChecksum(db){"
"exportSaveDataEnhanced","function","8685","function exportSaveDataEnhanced(){"
"_backupDownload","function","8708","function _backupDownload(json){"
"_backupSaveMeta","function","8720","function _backupSaveMeta(){"
"_backupUpdateUI","function","8730","function _backupUpdateUI(){"
"importSaveDataEnhanced","function","8748","function importSaveDataEnhanced(){"
"_importFromPaste","function","8774","function _importFromPaste(){"
"exportSaveData","function","8829","function exportSaveData(){"
"importSaveData","function","8848","function importSaveData(){"
"getRank","function","8872","function getRank(mmr){let r=RANKS[0];for(const x of RANKS){if(mmr>=x.min)r=x;else break;}return r;}"
"getRankPct","function","8873","function getRankPct(mmr){const r=getRank(mmr);if(r.next===99999)return 1;return(mmr-r.min)/(r.next-r.min);}"
"getNextRank","function","8874","function getNextRank(mmr){const r=getRank(mmr);const i=RANKS.indexOf(r);return i<RANKS.length-1?RANKS[i+1]:null;}"
"xpForLv","function","8875","function xpForLv(l){return Math.floor(100*Math.pow(1.35,l));}"
"getPlaylistKey","function","8877","function getPlaylistKey(nAI){return nAI===1?'p1':nAI===2?'p3':'p4';}"
"getModePlaylistKey","function","8879","function getModePlaylistKey(nAI){"
"getPlaylistMMR","function","8887","function getPlaylistMMR(nAI){return (P.mmrP||{})[getModePlaylistKey(nAI)]||200;}"
"getDiffFromMMR","function","8888","function getDiffFromMMR(mmr, botMMR){"
"getDiffLabel","function","8902","function getDiffLabel(diff){"
"getDiffColor","function","8905","function getDiffColor(diff){"
"addXP","function","8909","function addXP(amt){"
"addMMRvsOpponent","function","8918","function addMMRvsOpponent(won, oppMMR){"
"addTeamMMR","function","8938","function addTeamMMR(won, mode /* '2v2'|'3v3' */, isCasual){"
"addMMR","function","8958","function addMMR(won,nAI){"
"getWinsProgress","function","9012","function getWinsProgress(rankName){return Math.min(10,(P.winsAtRank||{})[rankName]||0);}"
"addModeWinLoss","function","9015","function addModeWinLoss(won){"
"unlockFeat","function","9037","function unlockFeat(feat){"
"addCredits","function","9050","function addCredits(n){P.credits+=n;saveP();}"
"getTourneyFeatForMMR","function","9054","function getTourneyFeatForMMR(mmr){"
"getTourneyTitleForMMR","function","9059","function getTourneyTitleForMMR(mmr){"
"getTourneyFeat","function","9064","function getTourneyFeat(rank){return getTourneyFeatForMMR(rank.min);}"
"getTourneyTitleId","function","9065","function getTourneyTitleId(rank){const t=getTourneyTitleForMMR(rank.min);return t?t.id:null;}"
"ac","function","9071","function ac(){if(!AC)try{AC=new(window.AudioContext||window.webkitAudioContext)();}catch(e){}return AC;}"
"showEndMicroTransition","function","9083","function showEndMicroTransition(youWon, onDone, durationMs) {"
"hideEndMicroTransition","function","9119","function hideEndMicroTransition() {"
"showTransitionScreen","function","9154","function showTransitionScreen(statusMsg, onDone, durationMs) {"
"hideTransitionScreen","function","9197","function hideTransitionScreen() {"
"_unlockAC","function","9207","function _unlockAC(){"
"loadSettings","function","9225","function loadSettings() {"
"saveSettings","function","9245","function saveSettings() {"
"applySettings","function","9260","function applySettings() {"
"settSwitchTab","function","9278","function settSwitchTab(tab, btn){"
"openSettings","function","9286","function openSettings() {"
"applyTheme","function","9298","function applyTheme(t){"
"_getMusicAC","function","9327","function _getMusicAC(){"
"_musicNote","function","9332","function _musicNote(freq, dur, when, vol, wave='sine'){"
"_musicScheduleBar","function","9344","function _musicScheduleBar(){"
"shareEndScreen","function","9373","function shareEndScreen(){"
"_animateCardDraw","function","9468","function _animateCardDraw(cardEl){"
"_animateCardPlay","function","9476","function _animateCardPlay(cardEl){"
"_animateCardDanger","function","9484","function _animateCardDanger(){"
"_showUnoBurst","function","9494","function _showUnoBurst(){"
"_checkDangerState","function","9504","function _checkDangerState(){"
"_ncAdd","function","9543","function _ncAdd(text, icon){"
"_ncGuessIcon","function","9552","function _ncGuessIcon(t){"
"_ncUpdateBadge","function","9567","function _ncUpdateBadge(){"
"_ncTimeAgo","function","9578","function _ncTimeAgo(ts){"
"_ncRender","function","9586","function _ncRender(){"
"toggleNotifCenter","function","9603","function toggleNotifCenter(){"
"clearNotifications","function","9621","function clearNotifications(){"
"openReplayPlayer","function","9652","function openReplayPlayer(logIndex){"
"closeReplayPlayer","function","9666","function closeReplayPlayer(){"
"_rpRender","function","9671","function _rpRender(){"
"replayStep","function","9726","function replayStep(n){"
"replayGoTo","function","9732","function replayGoTo(n){"
"replayTogglePlay","function","9738","function replayTogglePlay(){"
"_rcSaveState","function","9760","function _rcSaveState(){"
"_rcAttemptReconnect","function","9775","function _rcAttemptReconnect(){"
"_rcShowOverlay","function","9792","function _rcShowOverlay(seconds){"
"_rcHideOverlay","function","9810","function _rcHideOverlay(){"
"mpAbortReconnect","function","9817","function mpAbortReconnect(){"
"spectatorJoin","function","9902","function spectatorJoin(code){"
"_specOnData","function","9931","function _specOnData(data){"
"spectatorLeave","function","9953","function spectatorLeave(){"
"_afterPeerOpen","arrow","9974","const _afterPeerOpen=()=>{"
"toggleMusic","function","10029","function toggleMusic(){"
"nextTrack","function","10049","function nextTrack(){"
"setMusicVol","function","10058","function setMusicVol(v){"
"toggleMusicPlayer","function","10062","function toggleMusicPlayer(){"
"tone","function","10067","function tone(f,d,t='triangle',v=.13,dl=0){"
"rsCv","function","10099","function rsCv(){cv.width=window.innerWidth;cv.height=window.innerHeight;}"
"burst","function","10123","function burst(x,y,col,n=28,o={}){"
"burstDisc","function","10131","function burstDisc(col){"
"bigWinBurst","function","10136","function bigWinBurst(){"
"animPX","function","10142","function animPX(){"
"screenShake","function","10150","function screenShake(){"
"notify","function","10160","function notify(t){"
"showMsg","function","10164","function showMsg(t,d=1400){"
"showScr","function","10168","function showScr(id){"
"showOv","function","10180","function showOv(id){document.getElementById(id).classList.add('on');}"
"hideOv","function","10181","function hideOv(id){document.getElementById(id).classList.remove('on');}"
"el","function","10182","function el(id){return document.getElementById(id);}"
"setText","function","10183","function setText(id,v){const e=el(id);if(e)e.textContent=v;}"
"setStyle","function","10184","function setStyle(id,p,v){const e=el(id);if(e)e.style[p]=v;}"
"switchSplashTab","function","10186","function switchSplashTab(id,btn){"
"_legacySwitchTab","function","10191","function _legacySwitchTab(id,btn){"
"switchTourneyTab","function","10199","function switchTourneyTab(id,btn){"
"renderPentathlonPanel","function","10211","function renderPentathlonPanel(){"
"_trackMiniGame","function","10276","function _trackMiniGame(mode,won,extraStats){if(!P)return;const k='_mg_'+mode;if(!P[k])P[k]={games:0,wins:0,streak:0,maxStreak:0,maxScore:0};P[k].games++;if(won){P[k].wins++;P[k].streak=(P[k].streak||0)+1;P[k].maxStreak=Math.max(P[k].maxStreak||0,P[k].streak);}else{P[k].streak=0;}if(extraStats){if(extraStats.score!==undefined&&extraStats.score>(P[k].maxScore||0))P[k].maxScore=extraStats.score;}}"
"renderMiniStats","function","10277","function renderMiniStats(){const wrap=document.getElementById('mini-stats-panel');if(!wrap||!P)return;const modes=[{key:'scopa',icon:'🧹',label:'Scopa',wK:'scopaS.wins'},{key:'poker',icon:'♠️',label:'Poker',wK:'_mg_poker.wins'},{key:'burraco',icon:'🃏',label:'Burraco',wK:'_mg_burraco.wins'},{key:'millemiglia',icon:'🚗',label:'MM',wK:'_mg_millemiglia.wins'},{key:'bj',icon:'🂡',label:'Blackjack',wK:'bjWins'},{key:'ruba',icon:'🃏',label:'Ruba',wK:'rubaWins'},{key:'scala',icon:'🎴',label:'Scala 40',wK:'scalaWins'}];const gv=(o,p)=>p.split('.').reduce((x,k)=>x?x[k]:undefined,o)||0;wrap.innerHTML=modes.map(m=>{const s=P['_mg_'+m.key]||{};const wins=gv(P,m.wK);const games=s.games||wins||0;const wr=games>0?Math.round(wins/games*100):0;const mmr=(P.mmrP||{})['p_'+m.key]||(m.key==='bj'?(P.mmrP||{}).p_bj1||200:200);return`<div style=""display:flex;align-items:center;gap:10px;padding:9px 0;border-bottom:1px solid rgba(255,255,255,.05)""><span style=""font-size:18px;width:26px;text-align:center"">${m.icon}</span><div style=""flex:1""><div style=""font-size:12px;font-weight:700;color:rgba(255,255,255,.85)"">${m.label}</div><div style=""font-size:10px;color:rgba(255,255,255,.35)"">${games}G · ${wins}V · ${wr}%</div></div><div style=""text-align:right""><div style=""font-size:13px;font-weight:900;color:var(--teal)"">${mmr}</div><div style=""font-size:10px;color:rgba(255,255,255,.3)"">🔥${s.streak||0} Max${s.maxStreak||0}</div></div></div>`;}).join('');}"
"renderMMRChart","function","10278","function renderMMRChart(){"
"toX","arrow","10297","const toX=(i)=>Math.round(i/(vals.length-1)*(W-8)+4);"
"toY","arrow","10298","const toY=(v)=>Math.round(H-4-(v-minV)/range*(H-12));"
"updateProfile","function","10327","function updateProfile(){"
"updateDiffBadge","function","10467","function updateDiffBadge(){"
"onPlaylistChange","function","10496","function onPlaylistChange(){"
"selectPlaylist","function","10506","function selectPlaylist(nAI){"
"updateHUD","function","10512","function updateHUD(){"
"renderSeasonPass","function","10552","function renderSeasonPass(){"
"renderTitles","function","10595","function renderTitles(){"
"curS","arrow","10668","const curS = (()=>{ try{ const d=JSON.parse(localStorage.getItem('uno-ultra-season-v1')||'{}'); return d.season||1; }catch(e){return 1;} })();"
"_getTitleProgress","function","10685","function _getTitleProgress(t){"
"makeTitleCard","function","10739","function makeTitleCard(t){"
"selectTitle","function","10799","function selectTitle(id){"
"setLoginMode","function","10808","function setLoginMode(mode){"
"onPinInput","function","10821","function onPinInput(val){"
"onLoginFieldChange","function","10838","function onLoginFieldChange(){"
"loginKeydown","function","10869","function loginKeydown(e){"
"setLoginStatus","function","10875","function setLoginStatus(type, msg){"
"_rlLoad","function","10898","function _rlLoad(){"
"_rlSave","function","10902","function _rlSave(obj){"
"_checkLoginRateLimit","function","10905","function _checkLoginRateLimit(){"
"_recordLoginFailure","function","10914","function _recordLoginFailure(){"
"_recordLoginSuccess","function","10923","function _recordLoginSuccess(){"
"showNvdaAskDialog","function","11021","function showNvdaAskDialog(){"
"nvdaAskChoice","function","11031","function nvdaAskChoice(wantsNvda){"
"nvdaConfirm","function","11048","function nvdaConfirm(confirmed){"
"_nvdaShowActivatedFlash","function","11065","function _nvdaShowActivatedFlash(cb){"
"_proceedAfterNvdaChoice","function","11095","function _proceedAfterNvdaChoice(){"
"_activateNvdaSupport","function","11103","function _activateNvdaSupport(){"
"nvdaAnnounce","function","11126","function nvdaAnnounce(text, priority){"
"_nvdaGlobalKeyHandler","function","11137","function _nvdaGlobalKeyHandler(e){"
"_nvdaObserveGameState","function","11146","function _nvdaObserveGameState(){"
"nvdaCardLabel","function","11171","function nvdaCardLabel(card){"
"showLogoutConfirm","function","11182","function showLogoutConfirm(){"
"toggleColorblind","function","11229","function toggleColorblind(){"
"applyColorblind","function","11240","function applyColorblind(on){"
"syncColorblindUI","function","11243","function syncColorblindUI(){"
"openLocker","function","11251","function openLocker(){"
"openLockerFromGame","function","11259","function openLockerFromGame(){"
"applyCardBackToGame","function","11337","function applyCardBackToGame(){"
"closeLocker","function","11348","function closeLocker(){"
"renderLockerTitles","function","11356","function renderLockerTitles(){"
"renderLockerProgress","function","11373","function renderLockerProgress(){"
"renderLockerBorders","function","11392","function renderLockerBorders(){"
"renderLockerCardbacks","function","11406","function renderLockerCardbacks(){"
"renderLockerEffects","function","11420","function renderLockerEffects(){"
"renderCups","function","11436","function renderCups(){"
"buyCup","function","11457","function buyCup(id){"
"getTourneyTierKey","function","11491","function getTourneyTierKey(mmr){"
"getTourneyAINames","function","11501","function getTourneyAINames(mmr){"
"openTournament","function","11507","function openTournament(){"
"renderTourneyTitlesList","function","11541","function renderTourneyTitlesList(){"
"initTournament","function","11572","function initTournament(){"
"renderBracket","function","11599","function renderBracket(){"
"mkMatchEl","function","11674","function mkMatchEl(match,players){"
"playTourneyMatch","function","11692","function playTourneyMatch(match){"
"resolveTourneyMatch","function","11717","function resolveTourneyMatch(match,winnerIdx){"
"buildDeck","function","11735","function buildDeck(){"
"shuf","function","11745","function shuf(a){"
"dealCard","function","11764","function dealCard(){"
"topDisc","function","11780","function topDisc(){return G.discard[G.discard.length-1];}"
"curCol","function","11781","function curCol(){const t=topDisc();return t._cc||t.col;}"
"startBlitz","function","11800","function startBlitz(){"
"stopBlitz","function","11808","function stopBlitz(){clearInterval(blitzIv);blitzIv=null;}"
"startSessionTimer","function","11814","function startSessionTimer(){"
"stopSessionTimer","function","11831","function stopSessionTimer(){"
"hideSessionTimer","function","11835","function hideSessionTimer(){"
"_updSessionTimer","function","11841","function _updSessionTimer(s){"
"_onSessionExpire","function","11853","function _onSessionExpire(){"
"updBlitz","function","11862","function updBlitz(s){"
"startTurnTimer","function","11877","function startTurnTimer(){"
"stopTurnTimer","function","11891","function stopTurnTimer(){"
"updTurnTimer","function","11897","function updTurnTimer(s){"
"hideTurnTimer","function","11912","function hideTurnTimer(){"
"applyForcePlayGlow","function","11918","function applyForcePlayGlow(){"
"clearForcePlayGlow","function","11926","function clearForcePlayGlow(){"
"trackStall","function","11932","function trackStall(){"
"autoTimeout","function","11946","function autoTimeout(){"
"aiColFor","function","11977","function aiColFor(p){"
"triggerSuddenDeath","function","11984","function triggerSuddenDeath(){"
"hideSuddenDeath","function","12041","function hideSuddenDeath(){"
"checkOverload","function","12048","function checkOverload(pidx){"
"startGame","function","12070","function startGame(){"
"dealRound","function","12095","function dealRound(){"
"advance","function","12137","function advance(s=1){const n=G.players.length;G.current=((G.current+G.direction*s)%n+n)%n;}"
"nextTurn","function","12139","function nextTurn(){"
"enablePlayer","function","12175","function enablePlayer(){"
"disablePlayer","function","12196","function disablePlayer(){"
"startTimer","function","12204","function startTimer(){"
"stopTimer","function","12209","function stopTimer(){"
"updTimer","function","12212","function updTimer(s){updTurnTimer(s);}"
"canPlay","function","12215","function canPlay(card,cc){"
"playable","function","12243","function playable(pidx){const cc=curCol();return G.players[pidx].hand.map((c,i)=>({c,i})).filter(({c})=>canPlay(c,cc));}"
"doPlay","function","12246","function doPlay(pidx,ci,cc=null){"
"applyFX","function","12268","function applyFX(card,pidx,cc){"
"checkWin","function","12281","function checkWin(pidx){"
"playerPlayCard","function","12314","function playerPlayCard(ci){"
"afterPlayer","function","12333","function afterPlayer(){"
"playerDraw","function","12357","function playerDraw(auto=false){"
"declareUno","function","12408","function declareUno(){"
"sortHand","function","12423","function sortHand(){"
"chooseColor","function","12434","function chooseColor(col){"
"getBotTitlePool","function","12590","function getBotTitlePool(mmr){"
"seedHash","function","12600","function seedHash(str){"
"initAITracking","function","12625","function initAITracking(){"
"recordColorPlay","function","12631","function recordColorPlay(pidx,col){"
"colorOpponentLacks","function","12638","function colorOpponentLacks(idx, memory) {"
"aiTurn","function","12648","function aiTurn(){"
"aiChoose","function","12688","function aiChoose(plays,idx){"
"botShouldSayUNO","function","12850","function botShouldSayUNO(botMMR) {"
"botSeenSpecials","function","12857","function botSeenSpecials(G, idx) {"
"aiPickColor","function","12867","function aiPickColor(p,idx){"
"aiColFor","function","12884","function aiColFor(p){const cnt={r:0,b:0,g:0,y:0};p.hand.forEach(c=>{if(c.col&&c.col!=='w')cnt[c.col]++;});return Object.keys(cnt).reduce((a,b)=>cnt[a]>cnt[b]?a:b,'r');}"
"aiCol","function","12885","function aiCol(p){return aiColFor(p);}"
"_bh","function","12891","function _bh(s){let h=0;for(let i=0;i<s.length;i++)h=((h<<5)-h)+s.charCodeAt(i);return Math.abs(h);}"
"openBotProfile","function","12892","function openBotProfile(panel){"
"attach","arrow","12911","const attach=()=>{"
"renderAIs","function","12926","function renderAIs(){"
"endRound","function","12996","function endRound(winIdx){"
"showEndScreen","function","13116","function showEndScreen(youWon, gameOver, mmrR, xpG){"
"_bh2","function","13180","function _bh2(s){let h=0;for(let i=0;i<s.length;i++)h=((h<<5)-h)+s.charCodeAt(i);return Math.abs(h);}"
"endGame","function","13264","function endGame(){ showEndScreen(undefined, true, {d:_lastMMRDelta}, undefined); }"
"endGameNextRound","function","13266","function endGameNextRound(){"
"endGameNewMatch","function","13281","function endGameNewMatch(){"
"endGameMenu","function","13330","function endGameMenu(){"
"showMpLobbyAfterGame","function","13358","function showMpLobbyAfterGame(){"
"nextQueue","function","13399","function nextQueue(){"
"showLU","function","13414","function showLU(lv){"
"showRU","function","13432","function showRU(rk){"
"togglePause","function","13463","function togglePause(){"
"restartRound","function","13470","function restartRound(){sfx.click();hideOv('ov-pause');paused=false;dealRound();}"
"quitToMenu","function","13471","function quitToMenu(){"
"mkCard","function","13497","function mkCard(card,ci,clickable){"
"renderDiscard","function","13544","function renderDiscard(){"
"renderHand","function","13574","function renderHand(){"
"renderAll","function","13603","function renderAll(){"
"renderAllSync","function","13612","function renderAllSync(){ renderDiscard(); renderAIs(); renderHand(); } // versione sync per casi critici"
"shakeEl","function","13614","function shakeEl(e){if(!e)return;e.classList.remove('shaking');void e.offsetWidth;e.classList.add('shaking');setTimeout(()=>e.classList.remove('shaking'),400);}"
"setLoadStatus","function","13622","function setLoadStatus(txt, sub){"
"sendConn","function","13734","function sendConn(conn, type, payload = {}) {"
"broadcastConns","function","13749","function broadcastConns(conns, type, payload = {}) {"
"MpTimerManager","arrow","13760","const MpTimerManager = (() => {"
"addTimeout","function","13764","function addTimeout(label, fn, ms) {"
"cancelTimeout","function","13771","function cancelTimeout(label) {"
"addInterval","function","13775","function addInterval(label, fn, ms) {"
"cancelInterval","function","13782","function cancelInterval(label) {"
"cancelAll","function","13787","function cancelAll() {"
"hasTimer","function","13795","function hasTimer(label) { return _timers.has(label); }"
"_createEmitter","function","13804","function _createEmitter() {"
"GameCore","arrow","13823","const GameCore = (() => {"
"validateState","function","13826","function validateState(state) {"
"cloneState","function","13834","function cloneState(state) {"
"buildPlayerView","function","13841","function buildPlayerView(fullState, playerIdx) {"
"applyAction","function","13855","function applyAction(state, action) {"
"FriendService","arrow","13880","const FriendService = (() => {"
"_getName","function","13888","function _getName(friendCode) {"
"_ensureFriends","function","13892","function _ensureFriends() {"
"_ariaAnnounce","function","13905","function _ariaAnnounce(message) {"
"handleIncomingConn","function","13920","function handleIncomingConn(conn) {"
"_onFriendRequest","function","13970","function _onFriendRequest(conn, data) {"
"_onFriendAccept","function","13986","function _onFriendAccept(data) {"
"_onFriendInvite","function","13995","function _onFriendInvite(data) {"
"_onFriendPong","function","14012","function _onFriendPong(data) {"
"init","function","14018","function init() {"
"destroy","function","14044","function destroy() {"
"sendRequest","function","14050","function sendRequest(codeRaw) {"
"acceptRequest","function","14084","function acceptRequest() {"
"declineRequest","function","14099","function declineRequest() {"
"addFriend","function","14110","function addFriend(name, code) {"
"removeFriend","function","14120","function removeFriend(code) {"
"setOnline","function","14129","function setOnline(code, online) {"
"pingAll","function","14140","function pingAll() {"
"pingFriend","function","14146","function pingFriend(friendCode) {"
"sendInvite","function","14173","function sendInvite(friendCode, roomCode, mode) {"
"acceptInboundRequest","function","14209","function acceptInboundRequest(req) {"
"declineInboundRequest","function","14228","function declineInboundRequest(req) {"
"ConnectionManager","arrow","14267","const ConnectionManager = (() => {"
"getState","function","14276","function getState() { return _state; }"
"_setState","function","14278","function _setState(newState) {"
"_destroyExisting","function","14285","function _destroyExisting() {"
"_makePeer","function","14291","function _makePeer(idOverride) {"
"hostRoom","function","14308","function hostRoom() {"
"hostRoomForInvite","function","14361","function hostRoomForInvite(friendCode) {"
"joinRoom","function","14438","function joinRoom(code) {"
"_joinInner","function","14448","function _joinInner(code) {"
"beginTransition","function","14556","function beginTransition() {"
"disconnect","function","14571","function disconnect() {"
"lobbyReset","function","14618","function lobbyReset(){"
"lobbySetState","function","14626","function lobbySetState(s){"
"lobbySetPlayer","function","14632","function lobbySetPlayer(slot, data){"
"lobbyRemovePlayer","function","14639","function lobbyRemovePlayer(slot){"
"_lobbyStopPing","function","14644","function _lobbyStopPing(){"
"lobbyStartPing","function","14649","function lobbyStartPing(){"
"lobbyReceivePong","function","14658","function lobbyReceivePong(data){"
"lobbyUpdatePingBadge","function","14664","function lobbyUpdatePingBadge(id, rtt){"
"lobbyRenderSlots","function","14671","function lobbyRenderSlots(){"
"ensureFriends","function","14717","function ensureFriends(){"
"frInit","function","14733","function frInit(){"
"frHandleIncomingConn","function","14741","function frHandleIncomingConn(conn){"
"frCopyMyCode","function","14746","function frCopyMyCode(){"
"frSendRequest","function","14758","function frSendRequest(){"
"frReceiveRequest","function","14767","function frReceiveRequest(conn, data){ FriendService.handleIncomingConn(conn); }"
"frAcceptRequest","function","14769","function frAcceptRequest(){"
"frDeclineRequest","function","14773","function frDeclineRequest(){"
"frReceiveAccept","function","14779","function frReceiveAccept(data){"
"frAddFriend","function","14785","function frAddFriend(name, code){"
"frRemoveFriend","function","14791","function frRemoveFriend(code){"
"frInviteFriend","function","14797","function frInviteFriend(friendCode){"
"_frCreateHostAndInvite","function","14803","function _frCreateHostAndInvite(friendCode){"
"_mpRegisterHostConn","function","14809","function _mpRegisterHostConn(){"
"_frDoSendInvite","function","14849","function _frDoSendInvite(friendCode, roomCode){"
"_frFriendName","function","14853","function _frFriendName(friendCode){"
"frReceiveInvite","function","14860","function frReceiveInvite(data){"
"frAcceptInvite","function","14870","function frAcceptInvite(){"
"frDeclineInvite","function","14927","function frDeclineInvite(){"
"frPingAllFriends","function","14934","function frPingAllFriends(){"
"frPingFriend","function","14939","function frPingFriend(friendCode){"
"frReceivePong","function","14944","function frReceivePong(data){"
"frSetFriendOnline","function","14949","function frSetFriendOnline(code, online){"
"frRenderList","function","14954","function frRenderList(){"
"_frRenderDrawer","function","14993","function _frRenderDrawer(){"
"frAcceptInboundRequest","function","15070","function frAcceptInboundRequest(req){"
"frDeclineInboundRequest","function","15075","function frDeclineInboundRequest(req){"
"frTimeAgo","function","15079","function frTimeAgo(ts){"
"escHtml","function","15087","function escHtml(str){"
"_tryFrInit","function","15104","function _tryFrInit(attempt){"
"_getIceServers","function","15166","function _getIceServers(){"
"_getPeerConfigs","function","15193","function _getPeerConfigs(idOverride){"
"_makePeerWithRetry","function","15204","function _makePeerWithRetry(onSuccess, onFail, idOverride, attempts){"
"genRoomCode","function","15239","function genRoomCode(){"
"openMultiplayer","function","15245","function openMultiplayer(){"
"switchMpTab","function","15298","function switchMpTab(id,btn){"
"mp3pSwitchTab","function","15322","function mp3pSwitchTab(tab,btn){"
"mp3pHostInit","function","15332","function mp3pHostInit(){"
"_mp3pTryHost","function","15345","function _mp3pTryHost(){"
"mp3pRegisterHostConn","function","15356","function mp3pRegisterHostConn(){"
"mp3pOnData","function","15370","function mp3pOnData(data,conn){"
"mp3pUpdateLobbyUI","function","15378","function mp3pUpdateLobbyUI(){"
"start3pGame","function","15389","function start3pGame(){"
"mp3pSerializeState","function","15399","function mp3pSerializeState(pov){"
"mp3pSendStateToAll","function","15403","function mp3pSendStateToAll(){"
"mp3pApplyGuestAction","function","15408","function mp3pApplyGuestAction(action,incomingToken,playerIdx){"
"checkEndRound3p","function","15418","function checkEndRound3p(pidx){"
"mp3pRenderOpponents","function","15432","function mp3pRenderOpponents(){"
"mp3pJoin","function","15439","function mp3pJoin(){ const raw=el('mp-3p-join-input')?.value||''; const code=raw.trim().toLowerCase(); if(code.length<4){ notify('Inserisci un codice valido'); return; } sfx.click(); mp3pGuestJoin(code); }"
"mp3pGuestJoin","function","15441","function mp3pGuestJoin(roomCode){"
"_mp3pTryJoin","function","15449","function _mp3pTryJoin(){"
"mp3pGuestOnData","function","15477","function mp3pGuestOnData(data){"
"mp3pGuestReceiveStart","function","15489","function mp3pGuestReceiveStart(state,myIdx){"
"mp3pGuestApplyState","function","15499","function mp3pGuestApplyState(state){"
"mp3pCopyCode","function","15518","function mp3pCopyCode(){ const code=el('mp-3p-host-code')?.textContent||''; if(!code||code==='...'){ notify('Codice non ancora pronto'); return; } navigator.clipboard?.writeText(code).then(()=>notify('Codice 3P copiato: '+code)); }"
"mpSetModeNoInit","function","15520","function mpSetModeNoInit(mode){"
"guestToggleReady","function","15536","function guestToggleReady(){"
"_guestStartPing","function","15556","function _guestStartPing(){"
"_guestResetReady","function","15565","function _guestResetReady(){"
"mpHostInit","function","15576","function mpHostInit(){"
"mpJoin","function","15588","function mpJoin(){"
"_mpJoinInner","function","15598","function _mpJoinInner(code){"
"mpOnData","function","15603","function mpOnData(data){"
"startMpGame","function","15812","function startMpGame(){"
"mpSerializeState","function","15863","function mpSerializeState(pov){"
"mpReceiveGameStart","function","15886","function mpReceiveGameStart(state,guestIdx){"
"_mpShowDesyncWarning","function","15924","function _mpShowDesyncWarning(){"
"mpApplyState","function","15951","function mpApplyState(state){"
"mpApplyGuestAction","function","16035","function mpApplyGuestAction(action, incomingToken){"
"mpSendState","function","16093","function mpSendState(){"
"mpSendStateWithWinner","function","16100","function mpSendStateWithWinner(winnerIdx){"
"mpGuestSendPlay","function","16110","function mpGuestSendPlay(ci,cc=null){"
"mpGuestSendDraw","function","16127","function mpGuestSendDraw(){"
"mpHideBlitz","function","16169","function mpHideBlitz(){"
"mpSetMode","function","16206","function mpSetMode(mode, btn){"
"notifyConnected","arrow","16217","const notifyConnected = (newMode) => {"
"showOnly","arrow","16225","const showOnly = (which) => {"
"_mp3v3HostCreate","function","16254","function _mp3v3HostCreate(){"
"mp3v3HostInit","function","16273","function mp3v3HostInit(){ _mp3v3HostCreate(); }"
"mp3v3RegisterConn","function","16275","function mp3v3RegisterConn(){"
"mp3v3JoinByCode","function","16308","function mp3v3JoinByCode(){"
"mp3v3CopyCode","function","16361","function mp3v3CopyCode(){"
"mp3v3StartGame","function","16367","function mp3v3StartGame(){"
"mp3v3SerializeState","function","16409","function mp3v3SerializeState(pov){"
"mp3v3SendStateToAll","function","16429","function mp3v3SendStateToAll(){"
"mp3v3CheckWin","function","16436","function mp3v3CheckWin(playerIdx){"
"mp3v3EndRound","function","16447","function mp3v3EndRound(winnerIdx,winTeam){"
"mp3v3ApplyAction","function","16473","function mp3v3ApplyAction(action,incomingToken,playerIdx){"
"mp3v3OnData","function","16507","function mp3v3OnData(data,conn){"
"mp3v3GuestReceiveStart","function","16515","function mp3v3GuestReceiveStart(state,myIdx){"
"mp3v3GuestApplyState","function","16544","function mp3v3GuestApplyState(state){"
"mp3v3GuestOnData","function","16582","function mp3v3GuestOnData(data){"
"mp3v3RenderAllOpponents","function","16592","function mp3v3RenderAllOpponents(){"
"mp3v3GuestSendAction","function","16641","function mp3v3GuestSendAction(action){"
"mp3v3JoinExtended","function","16645","function mp3v3JoinExtended(code){ document.getElementById('mp-3v3-join-input').value=code.toUpperCase(); mp3v3JoinByCode(); }"
"mp3v3InviteTeammate","function","16646","function mp3v3InviteTeammate(){ notify('👑 Invia il codice '+(document.getElementById('mp-3v3-code')?.textContent||'…')+' ai tuoi 5 compagni!'); }"
"mp2v2HostInit","function","16648","function mp2v2HostInit(){"
"mp2v2UpdateLobbyUI","function","16730","function mp2v2UpdateLobbyUI(){"
"mp2v2InviteTeammate","function","16757","function mp2v2InviteTeammate(){"
"_mp2v2InviteFriendAsTeammate","function","16785","function _mp2v2InviteFriendAsTeammate(friendCode, roomCode){"
"mp2v2CopyCode","function","16801","function mp2v2CopyCode(){"
"mp2v2SwitchTab","function","16808","function mp2v2SwitchTab(tab, btn){"
"mp2v2JoinByCode","function","16829","function mp2v2JoinByCode(){"
"mp2v2RenderOnlineFriends","function","16843","function mp2v2RenderOnlineFriends(){"
"mp2v2OnData","function","16872","function mp2v2OnData(data, conn){"
"start2v2Game","function","16905","function start2v2Game(){"
"mp2v2SerializeState","function","16972","function mp2v2SerializeState(pov){"
"mp2v2SendStateToAll","function","17004","function mp2v2SendStateToAll(){"
"mp2v2ApplyAction","function","17014","function mp2v2ApplyAction(action, incomingToken, playerIdx){"
"mp2v2CheckWin","function","17054","function mp2v2CheckWin(playerIdx){"
"mp2v2EndRound","function","17071","function mp2v2EndRound(winnerIdx, winTeam){"
"mp2v2GuestReceiveStart","function","17106","function mp2v2GuestReceiveStart(state, myIdx){"
"mp2v2GuestApplyState","function","17142","function mp2v2GuestApplyState(state){"
"_mp2v2InjectTeamBadge","function","17192","function _mp2v2InjectTeamBadge(team, myIdx){"
"mp2v2RenderAllOpponents","function","17202","function mp2v2RenderAllOpponents(){"
"_cardBg","function","17288","function _cardBg(col){"
"_cardShortVal","function","17299","function _cardShortVal(val){"
"mp2v2PlayerDisconnected","function","17310","function mp2v2PlayerDisconnected(playerIdx){"
"mp2v2GuestJoin","function","17328","function mp2v2GuestJoin(roomCode){"
"_mp2v2TryJoin","function","17336","function _mp2v2TryJoin(){"
"mp2v2GuestOnData","function","17369","function mp2v2GuestOnData(data){"
"mp2v2InviteB2","function","17448","function mp2v2InviteB2(){"
"mpRestoreTimers","function","17461","function mpRestoreTimers(){"
"attach","arrow","17469","const attach=()=>{"
"mpRenderOpponentPanel","function","17488","function mpRenderOpponentPanel(){"
"mpUpdateOpponentPanel","function","17538","function mpUpdateOpponentPanel(){"
"_mpClearOpponentPanel","function","17556","function _mpClearOpponentPanel(){"
"mpInjectBadge","function","17563","function mpInjectBadge(){"
"mpClearPingInterval","function","17583","function mpClearPingInterval(){"
"mpPatchedPlayCard","function","17590","function mpPatchedPlayCard(ci){"
"mpChooseColor","function","17616","function mpChooseColor(col){"
"mpPatchedDraw","function","17634","function mpPatchedDraw(){"
"mpDisconnected","function","17644","function mpDisconnected(){"
"mpDeclareForfeit","function","17676","function mpDeclareForfeit(){"
"mpError","function","17710","function mpError(msg){"
"mpCopyCode","function","17722","function mpCopyCode(){"
"mpCancel","function","17738","function mpCancel(){"
"buildAndShuffleDeck","function","17749","function buildAndShuffleDeck(){G.deck=shuf(buildDeck());}"
"dealInitialHands","function","17750","function dealInitialHands(){G.players.forEach(p=>{p.hand=[];for(let i=0;i<7;i++)p.hand.push(dealCard());});}"
"placeFirstDiscard","function","17751","function placeFirstDiscard(){"
"selectMode","function","17778","function selectMode(mode){"
"eloMMRDelta","function","17791","function eloMMRDelta(playerMMR, opponentMMR, won){"
"applyBotDifficulty","function","17823","function applyBotDifficulty(diff, moveFn, context) {"
"getSeasonData","function","17846","function getSeasonData(){"
"saveSeasonData","function","17849","function saveSeasonData(d){try{localStorage.setItem(SEASON_KEY,JSON.stringify(d))}catch(e){}}"
"getCurrentSeason","function","17850","function getCurrentSeason(){"
"checkSeasonReset","function","17856","function checkSeasonReset(){"
"_playRewardSound","function","17897","function _playRewardSound(tier){"
"note","function","17900","function note(f,s,d,v,t){const o=ctx.createOscillator(),g=ctx.createGain();o.connect(g);g.connect(ctx.destination);o.type=t||'sine';o.frequency.value=f;g.gain.setValueAtTime(0,ctx.currentTime+s);g.gain.linearRampToValueAtTime(v,ctx.currentTime+s+.02);g.gain.exponentialRampToValueAtTime(.001,ctx.currentTime+s+d);o.start(ctx.currentTime+s);o.stop(ctx.currentTime+s+d+.05);}"
"noise","function","17901","function noise(s,d,v){const b=ctx.createBuffer(1,ctx.sampleRate*d,ctx.sampleRate),ch=b.getChannelData(0);for(let i=0;i<ch.length;i++)ch[i]=(Math.random()*2-1)*v;const sr=ctx.createBufferSource(),g=ctx.createGain(),fl=ctx.createBiquadFilter();fl.type='bandpass';fl.frequency.value=800;sr.buffer=b;sr.connect(fl);fl.connect(g);g.connect(ctx.destination);g.gain.setValueAtTime(v,ctx.currentTime+s);g.gain.exponentialRampToValueAtTime(.001,ctx.currentTime+s+d);sr.start(ctx.currentTime+s);}"
"_patchSeasonData","function","17911","function _patchSeasonData(){"
"_hookSaveP","function","17922","function _hookSaveP(){"
"_unhookSaveP","function","17934","function _unhookSaveP(){"
"_manualReset","function","17943","function _manualReset(){"
"_doReset","function","17979","function _doReset(){"
"applySoftReset","function","18038","function applySoftReset(){"
"_applyBotSeasonReset","function","18111","function _applyBotSeasonReset(newSeason){"
"checkAndApplySoftReset","function","18153","function checkAndApplySoftReset(){"
"getSeasonTimeLeft","function","18162","function getSeasonTimeLeft(){"
"checkIdleCredits","function","18177","function checkIdleCredits(){"
"checkDailyLogin","function","18207","function checkDailyLogin(){"
"renderDailyLoginOverlay","function","18243","function renderDailyLoginOverlay(streak){"
"claimDailyLogin","function","18266","function claimDailyLogin(){"
"getWeekStart","function","18324","function getWeekStart(){ const d=new Date();d.setHours(0,0,0,0);d.setDate(d.getDate()-d.getDay());return d.toDateString(); }"
"initWeeklyChallenge","function","18325","function initWeeklyChallenge(){"
"updateWeeklyProgress","function","18341","function updateWeeklyProgress(stat,amount=1){"
"initChallenges","function","18364","function initChallenges(){initWeeklyChallenge();"
"updateChallengeProgress","function","18381","function updateChallengeProgress(stat,amount=1){"
"renderChallengesPanel","function","18402","function renderChallengesPanel(){"
"addMatchHistory","function","18446","function addMatchHistory(won,mmrDelta,opponent,mode){"
"renderHistoryPanel","function","18454","function renderHistoryPanel(){"
"getPlayerLeaderboardPosition","function","20681","function getPlayerLeaderboardPosition(playerMMR) {"
"getMatchmakingPreview","function","20693","function getMatchmakingPreview(playerMMR) {"
"buildLeaderboard","function","20706","function buildLeaderboard(){"
"_saveBotDeltas","function","20883","function _saveBotDeltas(){"
"_getBotModeDelta","function","20888","function _getBotModeDelta(botName, modeKey){"
"_setBotModeDelta","function","20893","function _setBotModeDelta(botName, modeKey, delta){"
"_checkBotDeltaReset","function","20900","function _checkBotDeltaReset(){"
"_applyBotDeltas","function","20917","function _applyBotDeltas(){ /* delta gestiti per modalità in _duRawMMR */ }"
"_mutateBotMMR","function","20923","function _mutateBotMMR(){"
"_duIncrementMC","function","20992","function _duIncrementMC(triggerMode){"
"_duHash","function","21037","function _duHash(str){"
"_duRawMMR","function","21046","function _duRawMMR(name, basemmr, mode, size){"
"_duGetPool","function","21141","function _duGetPool(){"
"_duBuildDomMap","function","21152","function _duBuildDomMap(){"
"buildLeaderboardForMode","function","21193","function buildLeaderboardForMode(mode, size){"
"lbSelectMode","function","21275","function lbSelectMode(mode, btn){"
"lbSelectSize","function","21283","function lbSelectSize(size, btn){"
"renderLeaderboardTab","function","21290","function renderLeaderboardTab(){"
"renderRows","function","21318","function renderRows(from, to){"
"botHash","function","21333","function botHash(s){let h=0;for(let i=0;i<s.length;i++)h=((h<<5)-h)+s.charCodeAt(i);return Math.abs(h);}"
"updateLoadMore","function","21364","function updateLoadMore(){"
"checkGodOfUno","function","21400","function checkGodOfUno(){"
"toggleEmoteBar","function","21427","function toggleEmoteBar(){"
"sendEmote","function","21432","function sendEmote(e){"
"getPlayerAura","function","21458","function getPlayerAura(){"
"getUT32Players","function","21498","function getUT32Players(){"
"launchUnifiedTournament","function","21513","function launchUnifiedTournament(type){"
"switchToTournamentHub","function","21547","function switchToTournamentHub(){"
"switchToTournamentSelect","function","21558","function switchToTournamentSelect(){"
"abandonTournament","function","21565","function abandonTournament(){"
"renderRLBracket","function","21572","function renderRLBracket(){"
"mkRLSeed","function","21654","function mkRLSeed(p, isWin, isLose, isCurrent){"
"renderTourneyActionBar","function","21670","function renderTourneyActionBar(){"
"startUTMatch","function","21723","function startUTMatch(opponent){"
"resolveUTMatch","function","21749","function resolveUTMatch(humanWon){"
"recordUTMatchStats","function","21770","function recordUTMatchStats(){"
"advanceUTRound","function","21786","function advanceUTRound(humanWon){"
"simRemainingUT","function","21829","function simRemainingUT(){"
"simUTRound","function","21849","function simUTRound(){"
"renderTourneyStats","function","21865","function renderTourneyStats(){"
"onUTFinalVictory","function","21914","function onUTFinalVictory(){"
"showTitleUnlockOverlay","function","21954","function showTitleUnlockOverlay(titleObj){"
"tuoEquip","function","21966","function tuoEquip(){"
"tuoSkip","function","21976","function tuoSkip(){"
"launchTournament32","function","21984","function launchTournament32(type){"
"build32Bracket","function","21993","function build32Bracket(){"
"renderTournament32","function","22000","function renderTournament32(cid){} // no-op, replaced by RL bracket"
"startTournament32","function","22001","function startTournament32(){launchUnifiedTournament(T32_TYPE||'uno1v1');}"
"utTrackCard","function","22005","function utTrackCard(player, cardVal, cardColor){"
"resolveTourney32Match","function","22019","function resolveTourney32Match(humanWon){"
"checkExtraTitles","function","22073","function checkExtraTitles(){"
"tryUnlockTitle","function","22080","function tryUnlockTitle(feat){"
"renderSeasonBanner","function","22094","function renderSeasonBanner(){"
"switchNav","function","22121","function switchNav(id, btn){"
"updateProfilePanel","function","22146","function updateProfilePanel(){"
"renderSeasonBanner","function","22160","function renderSeasonBanner(){"
"getStreakAura","function","22175","function getStreakAura(){"
"getStreakMMRBonus","function","22182","function getStreakMMRBonus(){"
"renderStreakBadge","function","22190","function renderStreakBadge(){"
"addMMRWithStreakBonus","expr","22229","const addMMRWithStreakBonus=function(won, nAI){"
"startGameWithQueue","function","22260","function startGameWithQueue(){"
"cancelQueue","function","22306","function cancelQueue(){"
"getPlacementData","function","22317","function getPlacementData(){"
"savePlacementData","function","22320","function savePlacementData(d){try{localStorage.setItem(PLACEMENT_KEY,JSON.stringify(d))}catch(e){}}"
"shouldShowPlacement","function","22322","function shouldShowPlacement(){"
"recordPlacementResult","function","22329","function recordPlacementResult(won){"
"showPlacementReveal","function","22348","function showPlacementReveal(results){"
"hidePlacement","function","22381","function hidePlacement(){"
"openShopItem","function","22430","function openShopItem(crateId){"
"openCrateNow","function","22447","function openCrateNow(){"
"activateDoubleXP","function","22509","function activateDoubleXP(){"
"isDoubleXPActive","function","22514","function isDoubleXPActive(){"
"consumeDoubleXP","function","22517","function consumeDoubleXP(){"
"renderDXPBadge","function","22521","function renderDXPBadge(){"
"checkNewTitles","function","22532","function checkNewTitles(gameCtx){"
"elevateToAdmin","function","22605","function elevateToAdmin(username){"
"addUltraChips","function","22661","function addUltraChips(n){if(!P)return;if(!P.ultraChips)P.ultraChips=0;P.ultraChips+=n;saveP();updateProfileExtra();if(n>0)notify(`💠 +${n} Ultra Chips!`);}"
"getUltraChips","function","22662","function getUltraChips(){return P?.ultraChips||0;}"
"getTrustScore","function","22667","function getTrustScore(){if(!P)return 100;if(!P.trustScore)P.trustScore=100;return P.trustScore;}"
"penalizeTrust","function","22668","function penalizeTrust(reason){if(!P)return;if(!P.trustScore)P.trustScore=100;P.trustScore=Math.max(0,P.trustScore-15);saveP();updateTrustBadge();notify(`⚠️ Trust Score -15 (${reason})`);}"
"rewardTrust","function","22669","function rewardTrust(){if(!P)return;if(!P.trustScore)P.trustScore=100;if(P.trustScore<100)P.trustScore=Math.min(100,P.trustScore+2);saveP();}"
"updateTrustBadge","function","22670","function updateTrustBadge(){const score=getTrustScore();const b=el('trust-badge-profile');if(!b)return;if(score>=80){b.className='trust-badge trust-gold';b.textContent='🤝 Affidabile';}else if(score>=50){b.className='trust-badge trust-green';b.textContent='⚡ Neutrale';}else{b.className='trust-badge trust-red';b.textContent=`💀 Sanzionato (${score})`;}}"
"addCircuitPoints","function","22677","function addCircuitPoints(n){if(!P)return;if(!P.circuitPoints)P.circuitPoints=0;P.circuitPoints+=n;saveP();updateProfileExtra();}"
"addTrophy","function","22678","function addTrophy(type){if(!P)return;if(!P.trophies)P.trophies={gold:0,silver:0,bronze:0};P.trophies[type]=(P.trophies[type]||0)+1;saveP();updateProfileExtra();notify(`🏆 Trofeo ${type==='gold'?'Oro 🥇':type==='silver'?'Argento 🥈':'Bronzo 🥉'}!`);}"
"updateProfileExtra","function","22679","function updateProfileExtra(){"
"getAIThinkTime","function","22691","function getAIThinkTime(diff){return {easy:1400,normal:950,hard:600,ultra:350,ucs:280}[diff]||950;} // FIX FREEZE #8: aumentati minimi per dare respiro al thread"
"getAIDiffLabel","function","22692","function getAIDiffLabel(diff){return {easy:'IA: Amichevole',normal:'IA: Competitiva',hard:'IA: Lettura Mano',ultra:'IA: Brutale',ucs:'IA: Divina — Nessun errore'}[diff]||'IA';}"
"getAIDiffDot","function","22693","function getAIDiffDot(diff){return {easy:'#CD7F32',normal:'#C0C0C0',hard:'#7EE4F8',ultra:'#FF4081',ucs:'#c084fc'}[diff]||'#C0C0C0';}"
"updateAIDiffHUD","function","22694","function updateAIDiffHUD(){const diff=G?.diff||'normal';const label=el('ai-diff-label');const dot=el('ai-diff-dot');if(label)label.textContent=getAIDiffLabel(diff);if(dot)dot.style.background=getAIDiffDot(diff);}"
"aiChooseUCS","function","22721","function aiChooseUCS(plays,idx){let best=plays[0],bs=-9999;for(const p of plays){let s=0;const isDraw=p.c.val==='d2'||p.c.val==='w4';const isSpecial=p.c.val==='skip'||p.c.val==='rev';const isWild=p.c.col==='w';if(isDraw)s+=60;if(isSpecial)s+=30;if(isWild&&plays.filter(x=>x.c.col!=='w').length>0)s-=40;if(G.pendingDraw>0&&isDraw)s+=100;s+=(Math.random()-.5)*2;if(s>bs){bs=s;best=p;}}return best;}"
"aiPickColorSSL","function","22724","function aiPickColorSSL(p,idx){const h=G.players[0].hand;const cnt={r:0,b:0,g:0,y:0};h.forEach(c=>{if(c.col&&c.col!=='w')cnt[c.col]++;});return Object.keys(cnt).reduce((a,b)=>cnt[a]<=cnt[b]?a:b,'r');}"
"logReplayMove","function","22734","function logReplayMove(playerName,card){if(!G||G.roundOver)return;const label=card?`${card.col||''} ${card.val}`:'pesca';_currentReplayLog.push({n:playerName,c:label});}"
"saveReplayLog","function","22735","function saveReplayLog(won){try{const logs=JSON.parse(localStorage.getItem(REPLAY_KEY)||'[]');logs.unshift({date:new Date().toLocaleString('it'),won,moves:_currentReplayLog.slice(0,60),opponent:G.players.find(p=>p.isAI)?.name||'AI',diff:G.diff});if(logs.length>10)logs.pop();localStorage.setItem(REPLAY_KEY,JSON.stringify(logs));_currentReplayLog=[];}catch(e){}}"
"renderReplayHistory","function","22738","function renderReplayHistory(){"
"openLab","function","22758","function openLab(){sfx.click();updateLabPanel();showOv('ov-lab');}"
"updateLabPanel","function","22759","function updateLabPanel(){"
"checkUCSRLCSTitles","function","22822","function checkUCSRLCSTitles(){"
"checkUNOProgTitles","function","22878","function checkUNOProgTitles(){"
"checkScalaProgTitles","function","22929","function checkScalaProgTitles(){"
"checkRubaProgTitles","function","22983","function checkRubaProgTitles(){"
"checkBJProgTitles","function","23035","function checkBJProgTitles(){"
"checkRankProgTitles","function","23071","function checkRankProgTitles(){"
"checkClubProgTitles","function","23103","function checkClubProgTitles(){"
"getMinAcrossAllModes","function","23157","function getMinAcrossAllModes(){"
"getModesWon","function","23163","function getModesWon(){"
"checkMultiProgTitles","function","23176","function checkMultiProgTitles(){"
"checkAllProgressionTitles","function","23209","function checkAllProgressionTitles(){"
"renderUCSPanel","function","23227","function renderUCSPanel(){"
"startUCS","function","23250","function startUCS(){"
"resolveUCSResult","function","23271","function resolveUCSResult(won){"
"renderUCSAccessCheck","function","23291","function renderUCSAccessCheck(){"
"adminApplyUI","function","23361","function adminApplyUI(){"
"toggleQuickChat","function","23379","function toggleQuickChat(){"
"sendQuickChat","function","23386","function sendQuickChat(msg){"
"_showQCIncoming","function","23399","function _showQCIncoming(name,msg,isSelf){"
"_updateQuickChatVisibility","function","23407","function _updateQuickChatVisibility(){"
"dismissQuickChatBtn","function","23422","function dismissQuickChatBtn(){"
"getMiniMMR","function","23433","function getMiniMMR(mode, nAI){"
"addMiniMMR","function","23453","function addMiniMMR(mode, won, nAI, overrideDelta){"
"_switchPlaylistGroups","function","23549","function _switchPlaylistGroups(isMini, mode){"
"selectMiniPlaylist","function","23565","function selectMiniPlaylist(mode){"
"_updateHeroBannerForMode","function","23574","function _updateHeroBannerForMode(mode){"
"checkMiniTitles","function","23652","function checkMiniTitles(){"
"openTournamentPicker","function","23675","function openTournamentPicker(){"
"closeTournamentPicker","function","23680","function closeTournamentPicker(){"
"buildDeck40","function","23695","function buildDeck40(){"
"buildDeck52","function","23700","function buildDeck52(){"
"buildDeck108","function","23709","function buildDeck108(){"
"shuffleDeck","function","23715","function shuffleDeck(d){"
"makeMgCard","function","23719","function makeMgCard(c,playable=false,selected=false,extra=''){"
"mgLog","function","23739","function mgLog(id,msg){"
"_miniDiffMMRMod","function","23775","function _miniDiffMMRMod(diff, won) {"
"_miniAIThink","function","23785","function _miniAIThink(cb) {"
"_miniBlunder","function","23789","function _miniBlunder() {"
"renderMiniDiffSelector","function","23794","function renderMiniDiffSelector(containerId, color) {"
"setMiniDiff","function","23814","function setMiniDiff(diff) {"
"hexToRgb","function","23823","function hexToRgb(hex) {"
"startRubaGame","function","23828","function startRubaGame(tourneyCallback=null){"
"rubaRender","function","23859","function rubaRender(){"
"rubaPlayCard","function","23918","function rubaPlayCard(idx){"
"rubaDrawCard","function","23966","function rubaDrawCard(){ /* Non usato nelle regole ufficiali */ }"
"rubaCheckRedeal","function","23968","function rubaCheckRedeal(){"
"rubaAITurn","function","23979","function rubaAITurn(){"
"rubaCheckEnd","function","24037","function rubaCheckEnd(){"
"rubaShowEnd","function","24048","function rubaShowEnd(){"
"rubaBackToMenu","function","24090","function rubaBackToMenu(){"
"startScalaGame","function","24110","function startScalaGame(tourneyCallback=null){"
"scalaHandPoints","function","24145","function scalaHandPoints(hand, player){"
"scalaComboPoints","function","24154","function scalaComboPoints(cards){"
"scalaIsValidScala","function","24164","function scalaIsValidScala(cards){"
"scalaIsValidTris","function","24189","function scalaIsValidTris(cards){"
"scalaIsValidCombo","function","24201","function scalaIsValidCombo(cards){"
"scalaRender","function","24205","function scalaRender(){"
"scalaToggleSelect","function","24347","function scalaToggleSelect(i){"
"scalaTalloneReshuffle","function","24354","function scalaTalloneReshuffle(){"
"scalaDraw","function","24364","function scalaDraw(src){"
"scalaDiscardSelected","function","24389","function scalaDiscardSelected(){"
"scalaCanAttach","function","24421","function scalaCanAttach(card, combo){"
"scalaAddPendingCombo","function","24443","function scalaAddPendingCombo(){"
"scalaCancelPending","function","24465","function scalaCancelPending(){"
"scalaScendi","function","24472","function scalaScendi(){"
"scalaAddToCombo","function","24500","function scalaAddToCombo(){"
"scalaCheckWin","function","24530","function scalaCheckWin(){"
"scalaAITurn","function","24542","function scalaAITurn(){"
"scalaShowEnd","function","24656","function scalaShowEnd(){"
"scalaBackToMenu","function","24701","function scalaBackToMenu(){"
"mgEndRematch","function","24716","function mgEndRematch(){"
"mgEndMenu","function","24721","function mgEndMenu(){"
"startTournament32Ruba","function","24740","function startTournament32Ruba(){"
"renderTourneyRuba","function","24757","function renderTourneyRuba(){"
"startTourneyRubaMatch","function","24773","function startTourneyRubaMatch(opponent){"
"resolveTourneyRubaMatch","function","24780","function resolveTourneyRubaMatch(humanWon){"
"startTournament32Scala","function","24822","function startTournament32Scala(){"
"renderTourneyScala","function","24839","function renderTourneyScala(){"
"startTourneyScalaMatch","function","24855","function startTourneyScalaMatch(opponent){"
"resolveTourneyScalaMatch","function","24862","function resolveTourneyScalaMatch(humanWon){"
"homeSelectMode","function","24972","function homeSelectMode(mode, btnEl){"
"homeRenderPlayerCards","function","25030","function homeRenderPlayerCards(){"
"homeSelectPlayerCount","function","25073","function homeSelectPlayerCount(nAI){"
"homeUpdateRankStrip","function","25087","function homeUpdateRankStrip(){"
"homeStartGame","function","25124","function homeStartGame(){"
"homeRefresh","function","25143","function homeRefresh(){"
"olToggleDrawer","function","25198","function olToggleDrawer(){"
"olSelectCount","function","25208","function olSelectCount(mode, btn){"
"olSelectPlaylist","function","25217","function olSelectPlaylist(mode, btn){"
"_refreshTeamPlaylistBadges","function","25225","function _refreshTeamPlaylistBadges(){"
"olStartGame","function","25236","function olStartGame(){"
"olShowFriendInvitePanel","function","25278","function olShowFriendInvitePanel(){"
"olCopyInviteLink","function","25308","function olCopyInviteLink(){"
"olModalTab","function","25322","function olModalTab(tab, btn){"
"olCloseModal","function","25350","function olCloseModal(){"
"olOpenJoinModal","function","25362","function olOpenJoinModal(){"
"mpOlSyncProfile","function","25373","function mpOlSyncProfile(){"
"st","arrow","25375","const st = (id,v) => { const e=document.getElementById(id); if(e) e.textContent=v; };"
"olRenderFriends","function","25404","function olRenderFriends(){"
"mpOlRenderFriends","function","25419","function mpOlRenderFriends(){ olRenderFriends(); }"
"olUpdateSlots","function","25423","function olUpdateSlots(){"
"mpToggleDrawer","function","25446","function mpToggleDrawer(){ olToggleDrawer(); }"
"mpOlNav","function","25447","function mpOlNav(mode, btn){ olSelectCount(mode, btn); }"
"mpOlMode","function","25448","function mpOlMode(mode, btn){ olSelectCount(mode, btn); }"
"mpOlPlaylist","function","25450","function mpOlPlaylist(mode, btn){ olSelectPlaylist(mode, btn); }"
"gpInit","function","26021","function gpInit() {"
"gpRenderModeCards","function","26027","function gpRenderModeCards() {"
"_gpPickType","function","26077","function _gpPickType(typeId) {"
"_gpPickPlayers","function","26087","function _gpPickPlayers(playerId) {"
"_gpTryApplyCombo","function","26093","function _gpTryApplyCombo() {"
"gpStartDivFromMMR","function","26109","function gpStartDivFromMMR(modeId) {"
"gpModeProgress","function","26117","function gpModeProgress(modeId) {"
"gpSelectMode","function","26124","function gpSelectMode(modeId) {"
"gpExitSeason","function","26153","function gpExitSeason() {"
"gpRenderDivisions","function","26165","function gpRenderDivisions() {"
"gpRenderPips","function","26225","function gpRenderPips(div) {"
"gpStartMatch","function","26236","function gpStartMatch() {"
"onEnd","arrow","26241","const onEnd = (humanWon) => {"
"gpResolveMatch","function","26269","function gpResolveMatch(humanWon) {"
"countWins","arrow","26274","const countWins = () => GP.streak.filter(r => r === 'win').length;"
"switchTrophyTab","function","26369","function switchTrophyTab(tab, btn) {"
"setText","function","26417","function setText(id, val) {"
"tSelectMode","function","26510","function tSelectMode(mode, card) {"
"mglobSetCount","function","26551","function mglobSetCount(n) {"
"mglobOpen","function","26576","function mglobOpen(game, presetCount) {"
"mglobClose","function","26605","function mglobClose() {"
"mglobChoose","function","26610","function mglobChoose(choice) {"
"mglobTab","function","26630","function mglobTab(tab, btn) {"
"mglobStart","function","26640","function mglobStart() {"
"_mglobHostRoom","function","26653","function _mglobHostRoom() {"
"_mglobHostLaunch","function","26688","function _mglobHostLaunch() {"
"mglobJoin","function","26698","function mglobJoin() {"
"_mglobOnGuestData","function","26733","function _mglobOnGuestData(d) {"
"_mglobOnHostData","function","26740","function _mglobOnHostData(d) {"
"_mglobDestroyPeer","function","26745","function _mglobDestroyPeer() {"
"_mglobSetStatus","function","26751","function _mglobSetStatus(panel, msg) {"
"_mglobShowFriends","function","26756","function _mglobShowFriends(code) {"
"startRubaGameOnline","function","26776","function startRubaGameOnline(role, conn, peer, guestName, nAI=1) {"
"receiveStartRubaOnline","function","26810","function receiveStartRubaOnline(d) {"
"_rubaSerializeForGuest","function","26820","function _rubaSerializeForGuest() {"
"_rubaSerializeForGuestFull","function","26833","function _rubaSerializeForGuestFull() {"
"applyRubaOnlineState","function","26838","function applyRubaOnlineState(state) {"
"_rubaGuestSendAction","function","26860","function _rubaGuestSendAction(action) {"
"handleRubaOnlineGuestAction","function","26866","function handleRubaOnlineGuestAction(d) {"
"_rubaBroadcast","function","26877","function _rubaBroadcast() {"
"startScalaGameOnline","function","26912","function startScalaGameOnline(role, conn, peer, guestName, nAI=1) {"
"receiveStartScalaOnline","function","26943","function receiveStartScalaOnline(d) {"
"_scalaSerializeForGuest","function","26953","function _scalaSerializeForGuest() {"
"applyScalaOnlineState","function","26970","function applyScalaOnlineState(state) {"
"_scalaBroadcast","function","26994","function _scalaBroadcast() {"
"_scalaGuestSendAction","function","27000","function _scalaGuestSendAction(action) {"
"handleScalaOnlineGuestAction","function","27005","function handleScalaOnlineGuestAction(d) {"
"_scalaOnlineHandleAITurns","function","27015","function _scalaOnlineHandleAITurns() {"
"bjBuildDeck","function","27076","function bjBuildDeck(numDecks=2){"
"bjShuffle","function","27084","function bjShuffle(d){for(let i=d.length-1;i>0;i--){const j=Math.floor(Math.random()*(i+1));[d[i],d[j]]=[d[j],d[i]];}return d;}"
"bjPop","function","27085","function bjPop(){ if(!BJG.deck.length)BJG.deck=bjShuffle(bjBuildDeck(2)); return BJG.deck.pop(); }"
"bjCardVal","function","27087","function bjCardVal(r){"
"bjHandScore","function","27092","function bjHandScore(hand){"
"bjIsBJ","function","27098","function bjIsBJ(hand){ return hand.length===2&&bjHandScore(hand)===21; }"
"bjIsBust","function","27099","function bjIsBust(hand){ return bjHandScore(hand)>21; }"
"bjRenderCard","function","27101","function bjRenderCard(c){"
"bjRenderScore","function","27113","function bjRenderScore(hand, dealerPhase){"
"bjRender","function","27119","function bjRender(){"
"bjRenderAIStrips","function","27174","function bjRenderAIStrips(){"
"bjUpdateActions","function","27196","function bjUpdateActions(){"
"setBtn","arrow","27207","const setBtn=(id,en)=>{const b=el(id);if(b)b.disabled=!en;};"
"startBJGame","function","27216","function startBJGame(nAI=1, isTourney=false, tMode=null){"
"bjShowBetPhase","function","27254","function bjShowBetPhase(){"
"bjAddBet","function","27271","function bjAddBet(amount){"
"bjClearBet","function","27280","function bjClearBet(){"
"bjDeal","function","27285","function bjDeal(){"
"bjHit","function","27327","function bjHit(){"
"bjStand","function","27347","function bjStand(){"
"bjDouble","function","27358","function bjDouble(){"
"bjSplit","function","27371","function bjSplit(){"
"bjPlayAI","function","27388","function bjPlayAI(){"
"stepAI","function","27391","function stepAI(){"
"bjDealerPlay","function","27407","function bjDealerPlay(){"
"dealerStep","function","27413","function dealerStep(){"
"bjResolve","function","27426","function bjResolve(){"
"bjSetStatus","function","27585","function bjSetStatus(msg){"
"bjNextRound","function","27589","function bjNextRound(){"
"bjBackToMenu","function","27597","function bjBackToMenu(){"
"startBJGameOnline","function","27611","function startBJGameOnline(role, conn, peer, guestName){"
"bjOnlineReceive","function","27618","function bjOnlineReceive(d){"
"launchBJTournament","function","27628","function launchBJTournament(mode){"
"getClub","function","27729","function getClub() {"
"saveClub","function","27732","function saveClub(club) {"
"getClubMissions","function","27735","function getClubMissions() {"
"saveClubMissions","function","27738","function saveClubMissions(m) {"
"initClubMissions","function","27743","function initClubMissions() {"
"getWeekStart","function","27764","function getWeekStart() {"
"updateClubMission","function","27771","function updateClubMission(stat, amount=1) {"
"calcClubLevel","function","27808","function calcClubLevel(xp) {"
"clubXPForNextLevel","function","27815","function clubXPForNextLevel(xp) {"
"activateClubBoost","function","27825","function activateClubBoost(club) {"
"getClubBoostActive","function","27832","function getClubBoostActive() {"
"clubBoostTimeLeft","function","27836","function clubBoostTimeLeft() {"
"onClubWin","function","27843","function onClubWin() {"
"onClubGame","function","27858","function onClubGame() {"
"onClubUno","function","27863","function onClubUno() { updateClubMission('clubUno'); }"
"onClubW4","function","27864","function onClubW4()  { updateClubMission('clubW4'); }"
"onClubBJ","function","27865","function onClubBJ()  { updateClubMission('clubBJ'); }"
"clubToggleDrawer","function","27868","function clubToggleDrawer() {"
"clubRenderDrawer","function","27885","function clubRenderDrawer() {"
"clubRenderBadge","function","27999","function clubRenderBadge(level) {"
"clubOpenModal","function","28017","function clubOpenModal(mode) {"
"clubCloseModal","function","28048","function clubCloseModal() {"
"clubModalConfirm","function","28052","function clubModalConfirm() {"
"clubLeave","function","28102","function clubLeave() {"
"patchUno","arrow","28122","const patchUno = ()=>{"
"renderAvatarEditor","function","28240","function renderAvatarEditor(){"
"renderLock","arrow","28253","const renderLock = (owned, bpLv)=> owned ? '' : `<div style=""position:absolute;inset:0;border-radius:10px;background:rgba(0,0,0,.65);display:flex;flex-direction:column;align-items:center;justify-content:center;font-size:9px;color:rgba(255,255,255,.6);gap:1px;pointer-events:none""><span style=""font-size:13px"">🔒</span><span>BP Lv.${bpLv}</span></div>`;"
"getAvatarStyle","function","28328","function getAvatarStyle(av){"
"applyAvatarEverywhere","function","28356","function applyAvatarEverywhere(){"
"getSeasonInfo","function","28375","function getSeasonInfo(){"
"_formatSeasonLeft","function","28396","function _formatSeasonLeft(leftMs){"
"softResetMMR","function","28415","function softResetMMR(mmr){"
"endSeason","function","28433","function endSeason(){"
"renderSeasonPanel","function","28472","function renderSeasonPanel(){"
"getActiveEventCards","function","28626","function getActiveEventCards(){"
"getActiveEventName","function","28635","function getActiveEventName(){"
"getDayKey","function","28706","function getDayKey(){ return new Date().toISOString().slice(0,10); }"
"getWeekKey","function","28707","function getWeekKey(){ const d=new Date(); const day=d.getDay(); const diff=d.getDate()-day+(day===0?-6:1); return new Date(d.setDate(diff)).toISOString().slice(0,10); }"
"ensureMissions","function","28709","function ensureMissions(){"
"updateMissionProgress","function","28732","function updateMissionProgress(statKey, amount){"
"renderChallengesPanelV51","function","28784","function renderChallengesPanelV51(){"
"missionCard","arrow","28792","const missionCard = (m, type)=>{"
"addBattlePassXP","function","28856","function addBattlePassXP(amount){"
"renderSeasonPassV51","function","28900","function renderSeasonPassV51(){"
"avatarOwned","function","29290","function avatarOwned(type, val){"
"el2","function","29812","function el2(id){return document.getElementById(id);}"
"notify2","function","29813","function notify2(msg,col='#fff',dur=2200){"
"rnd","function","29818","function rnd(arr){return arr[Math.floor(Math.random()*arr.length)];}"
"shuffle","function","29819","function shuffle(a){for(let i=a.length-1;i>0;i--){const j=Math.floor(Math.random()*(i+1));[a[i],a[j]]=[a[j],a[i]];}return a;}"
"_hmtInit","function","29858","function _hmtInit(){"
"update","function","29864","function update(){"
"makeScopaDeck","function","29921","function makeScopaDeck(){"
"scopaCardHTML","function","29927","function scopaCardHTML(card,idx,clickFn,sel=false){"
"startScopaGame","function","29944","function startScopaGame(numAI=1){"
"scopaRender","function","29979","function scopaRender(){"
"scopaSelectHand","function","30041","function scopaSelectHand(idx){"
"scopaSelectTable","function","30047","function scopaSelectTable(idx){"
"scopaClearSelection","function","30055","function scopaClearSelection(){SCOPAG.selectedCard=-1;SCOPAG.selectedTable=[];scopaRender();}"
"scopaPlayCard","function","30057","function scopaPlayCard(){"
"_scopaDoPlay","function","30073","function _scopaDoPlay(playerIdx, cardIdx, tableIdxs){"
"scopaDealHands","function","30141","function scopaDealHands(){"
"scopaEndRound","function","30156","function scopaEndRound(){"
"scopaCalcScores","function","30218","function scopaCalcScores(){"
"scopaAITurn","function","30248","function scopaAITurn(){"
"scopaBackToMenu","function","30306","function scopaBackToMenu(){"
"_scopaFlash","function","30327","function _scopaFlash(isHuman){"
"startScopaTourn","function","30351","function startScopaTourn(numAI){"
"makePokerDeck","function","30368","function makePokerDeck(){"
"pokerCardHTML","function","30374","function pokerCardHTML(card,face=true){"
"startPokerGame","function","30388","function startPokerGame(numAI=1){"
"pokerDealHand","function","30412","function pokerDealHand(){"
"pokerForceBet","function","30431","function pokerForceBet(idx,amount){"
"pokerRender","function","30437","function pokerRender(){"
"pkUpdateBetDisplay","function","30485","function pkUpdateBetDisplay(val){el2('pk-bet-display').textContent=val;}"
"pkQuickBet","function","30486","function pkQuickBet(type){"
"pkAction","function","30495","function pkAction(action){"
"pokerNextTurn","function","30514","function pokerNextTurn(){"
"pokerNextStage","function","30533","function pokerNextStage(){"
"pokerShowdown","function","30550","function pokerShowdown(){"
"_pokerEndRound","function","30592","function _pokerEndRound(humanWon){"
"_pokerShowEndOverlay","function","30631","function _pokerShowEndOverlay(humanWon){"
"pokerAITurn","function","30672","function pokerAITurn(){"
"pokerBestHand","function","30721","function pokerBestHand(cards){"
"pokerEvalHand","function","30727","function pokerEvalHand(cards){"
"pokerHandName","function","30756","function pokerHandName(cards){"
"pokerBackToMenu","function","30770","function pokerBackToMenu(){"
"brrCardPts","function","30798","function brrCardPts(c){if(c.wild)return c.v==='joker'?30:20;if(c.v==='A')return 15;if(['J','Q','K'].includes(c.v))return 10;if(parseInt(c.v)>=8)return 10;return 5;}"
"makeBurrDeck","function","30802","function makeBurrDeck(){"
"brrCardHTML","function","30812","function brrCardHTML(card,idx,selected=false,clickFn='burrSelCard'){"
"startBurracoGame","function","30825","function startBurracoGame(numAI=1){"
"burrRender","function","30859","function burrRender(){"
"_burrComboHTML","function","30928","function _burrComboHTML(combo,ci,playerIdx,isAttachMode){"
"burrSelCard","function","30942","function burrSelCard(idx){if(BRRG.turn!==0)return;const pos=BRRG.selected.indexOf(idx);if(pos>=0)BRRG.selected.splice(pos,1);else BRRG.selected.push(idx);burrRender();}"
"burrClearSel","function","30943","function burrClearSel(){BRRG.selected=[];burrRender();}"
"burrDraw","function","30945","function burrDraw(source){"
"burrMeld","function","30960","function burrMeld(){"
"_burrValidateCombo","function","30985","function _burrValidateCombo(cards){"
"burrExtend","function","31008","function burrExtend(){"
"burrAttachToCombo","function","31020","function burrAttachToCombo(playerIdx, comboIdx){"
"burrDiscardSelected","function","31047","function burrDiscardSelected(){"
"burrAITurn","function","31067","function burrAITurn(){"
"burrEndRound","function","31130","function burrEndRound(winnerIdx){"
"burracoBackToMenu","function","31179","function burracoBackToMenu(){"
"checkScopaFeats","function","31200","function checkScopaFeats(humanWon){"
"_uf","arrow","31204","const _uf=(feat)=>{const t=unlockFeat(feat);if(t){notify(`🏷️ Titolo sbloccato: ""${t.txt}""`);saveP();}};"
"checkBurracoFeats","function","31259","function checkBurracoFeats(humanWon){"
"_uf","arrow","31263","const _uf=(feat)=>{const t=unlockFeat(feat);if(t){notify(`🏷️ Titolo sbloccato: ""${t.txt}""`);saveP();}};"
"checkPokerFeats","function","31306","function checkPokerFeats(humanWon){"
"_uf","arrow","31310","const _uf=(feat)=>{const t=unlockFeat(feat);if(t){notify(`🏷️ Titolo sbloccato: ""${t.txt}""`);saveP();}};"
"checkMMFeats","function","31353","function checkMMFeats(humanWon){"
"_uf","arrow","31357","const _uf=(feat)=>{const t=unlockFeat(feat);if(t){notify(`🏷️ Titolo sbloccato: ""${t.txt}""`);saveP();}};"
"_showMiniEndOverlay","function","31405","function _showMiniEndOverlay(screenId,humanWon,mmrResult,gameLabel,relaunchMode){"
"makeMMDeck","function","31467","function makeMMDeck(){"
"mmCardHTML","function","31473","function mmCardHTML(card,idx,selected=false){"
"startMMGame","function","31484","function startMMGame(numAI=1){"
"mmRender","function","31512","function mmRender(){"
"mmSelCard","function","31550","function mmSelCard(idx){if(MMG.turn!==0)return;MMG.selected=MMG.selected===idx?-1:idx;mmRender();}"
"mmClearSel","function","31551","function mmClearSel(){MMG.selected=-1;mmRender();}"
"mmDraw","function","31553","function mmDraw(){"
"mmPlaySelected","function","31570","function mmPlaySelected(){"
"mmDiscardSelected","function","31579","function mmDiscardSelected(){"
"_mmValidatePlay","function","31592","function _mmValidatePlay(player,card,target){"
"_mmApplyCard","function","31609","function _mmApplyCard(playerIdx, cardIdx, targetIdx){"
"mmEndGame","function","31648","function mmEndGame(winnerIdx){"
"mmAITurn","function","31672","function mmAITurn(){"
"mmHazardFlash","function","31743","function mmHazardFlash(){const s=document.getElementById('millemiglia-screen');if(!s)return;const f=document.createElement('div');f.style.cssText='position:absolute;inset:0;background:rgba(244,63,94,.2);z-index:500;pointer-events:none;border-radius:inherit';s.style.position='relative';s.appendChild(f);setTimeout(()=>f.remove(),400);}"
"_mmApplyAI","function","31744","function _mmApplyAI(playerIdx,cardIdx,targetIdx){"
"mmBackToMenu","function","31755","function mmBackToMenu(){"
"clTourneySelectGame","function","31775","function clTourneySelectGame(game){"
"clTourneyBackToPicker","function","31784","function clTourneyBackToPicker(){"
"newMpSelectGame","function","31792","function newMpSelectGame(game){"
"newMpBackToPicker","function","31808","function newMpBackToPicker(){"
"openClassicTournament","function","31823","function openClassicTournament(game){"
"_startClassicTournament","function","31840","function _startClassicTournament(game,numAI){"
"renderClassicTournament","function","31853","function renderClassicTournament(){"
"playClassicTourneyMatch","function","31878","function playClassicTourneyMatch(matchIdx){"
"cb","arrow","31883","const cb=(humanWon)=>{"
"simClassicMatch","function","31909","function simClassicMatch(matchIdx){"
"closeClTourney","function","31919","function closeClTourney(){"
"openNewMpModal","function","31956","function openNewMpModal(game){"
"closeNewMpModal","function","31970","function closeNewMpModal(){el2('new-mp-modal').classList.remove('on');}"
"newMpTab","function","31972","function newMpTab(tab,el){"
"newMpHostInit","function","31979","function newMpHostInit(){"
"copyNewMpCode","function","32004","function copyNewMpCode(){"
"_newMpRenderSlots","function","32009","function _newMpRenderSlots(){"
"newMpStartGame","function","32016","function newMpStartGame(){"
"newMpJoin","function","32028","function newMpJoin(){"
"newMpGuestReady","function","32050","function newMpGuestReady(){notify2('✅ Sei pronto! Aspetta che l\'host avvii la partita.','#34D399');}"
"_newMpHandleData","function","32052","function _newMpHandleData(data,conn){"
"_activateFocusTrap","function","32075","function _activateFocusTrap(modal){"
"_releaseFocusTrap","function","32084","function _releaseFocusTrap(){"
"syncAriaDisabled","function","32136","function syncAriaDisabled(el){"
"_syncDotAriaLabel","function","32177","function _syncDotAriaLabel(dotEl){"
"_syncAiPanelLabel","function","32242","function _syncAiPanelLabel(countBadge){"
"_hmtKeydown","function","32348","function _hmtKeydown(event, target) {"
"_injectArrow","function","32486","function _injectArrow() {"
"_tick","function","32501","function _tick() {"
"_triggerSpot","function","32524","function _triggerSpot() {"
"_buildLink","function","32541","function _buildLink(code, mode) {"
"ok","function","32556","function ok() {"
"_injectLinkBtn","function","32570","function _injectLinkBtn(containerSel, mode, afterSel) {"
"_injectAllLinks","function","32590","function _injectAllLinks() {"
"safePatch","function","32687","function safePatch(fnName, newFn) {"
"renderPentathlonBtn","function","32955","function renderPentathlonBtn() {"
"ensureBotSystem","function","32977","function ensureBotSystem() {"
"tcSelectGame","function","33159","function tcSelectGame(game) {"
"tcRenderBracket","function","33192","function tcRenderBracket() {"
"tcSimMatch","function","33287","function tcSimMatch(matchIdx) {"
"tcPlayMatch","function","33300","function tcPlayMatch(matchIdx) {"
"cb","arrow","33308","const cb = (humanWon) => {"
"tcCheckRoundEnd","function","33338","function tcCheckRoundEnd() {"
"tcReset","function","33346","function tcReset() {"
"getBondLevel","function","33777","function getBondLevel(xp) {"
"getBondXpForNext","function","33783","function getBondXpForNext(lv) {"
"bondTrack","function","33787","function bondTrack(botName, youWon, playedCards, finalHandSize) {"
"showBondPopup","function","33840","function showBondPopup(msg, sub) {"
"renderBondsPanel","function","33855","function renderBondsPanel() {"
"_cgDefaultRules","function","34019","function _cgDefaultRules() {"
"openCustomGameLobby","function","34024","function openCustomGameLobby() {"
"_cgRenderRules","function","34032","function _cgRenderRules() {"
"cgSetRule","function","34058","function cgSetRule(id, val) {"
"_cgRulesToCode","function","34063","function _cgRulesToCode(rules) {"
"_cgCodeToRules","function","34075","function _cgCodeToRules(code) {"
"_cgUpdateCode","function","34093","function _cgUpdateCode() {"
"cgCopyCode","function","34097","function cgCopyCode() {"
"cgImportCode","function","34102","function cgImportCode() {"
"cgSavePreset","function","34113","function cgSavePreset() {"
"_cgRenderPresets","function","34125","function _cgRenderPresets() {"
"cgLoadPreset","function","34143","function cgLoadPreset(i) {"
"cgDeletePreset","function","34149","function cgDeletePreset(i) {"
"cgStartGame","function","34157","function cgStartGame() {"
"launchDoubleElimTournament","function","34183","function launchDoubleElimTournament() {"
"_deIsHuman","function","34216","function _deIsHuman(name) {"
"_deResolveBotMatch","function","34220","function _deResolveBotMatch(match) {"
"dePlayMatch","function","34225","function dePlayMatch(matchId) {"
"deResolveMatch","function","34242","function deResolveMatch(matchId, winner) {"
"_deFindMatch","function","34269","function _deFindMatch(id) {"
"_deAdvanceState","function","34273","function _deAdvanceState() {"
"_deCheckFinale","function","34303","function _deCheckFinale() {"
"renderDETournament","function","34330","function renderDETournament() {"
"renderMatch","arrow","34334","const renderMatch = (m) => {"
"_omTrackMove","function","34500","function _omTrackMove(card, col, turnCount) {"
"_omGetProfile","function","34514","function _omGetProfile() {"
"_patch","function","34535","function _patch() {"
"_patch","function","34557","function _patch() {"
"_patch","function","34588","function _patch() {"
"renderStatsPanel","function","34639","function renderStatsPanel() {"
"bestStreak","arrow","34649","const bestStreak = (() => {"
"_renderStatsMiniChart","function","34743","function _renderStatsMiniChart(canvasId, hist) {"
"_pushNotifEnabled","function","34785","function _pushNotifEnabled() {"
"togglePushNotif","function","34789","function togglePushNotif(enabled) {"
"_updateNotifStatus","function","34817","function _updateNotifStatus(msg) {"
"sendPushNotif","function","34822","function sendPushNotif(title, body, onClick) {"
"_init","function","34916","function _init() {"
